filename,cluster_id,assigned_grade,p_ge_grade2,p_ge_grade3,p_ge_grade4
0909.png,2,grade1,0.005473,0.004017,0.003409
0913.png,2,grade1,0.001164,0.000685,0.000629
0932.png,2,grade1,0.005921,0.005021,0.005944
0940.png,1,grade3,0.016103,0.013059,0.01394
0955.png,2,grade1,0.009916,0.008229,0.007087
0956.png,2,grade1,0.003717,0.00296,0.002392
0958.png,2,grade1,0.011675,0.011065,0.009448
0968.png,1,grade3,0.070171,0.067085,0.067557
0971.png,2,grade1,0.008271,0.006073,0.005778
0973.png,1,grade3,0.012603,0.009096,0.007675
0993.png,2,grade1,0.011279,0.009657,0.008848
100.jpg,0,grade2,0.003206,0.002699,0.002434
1009.png,2,grade1,0.000502,0.00033,0.000274
101.jpg,2,grade1,0.005674,0.00492,0.00499
102.jpg,2,grade1,0.00355,0.002969,0.002443
1020.jpg,0,grade2,0.020004,0.01775,0.017032
1025.jpg,0,grade2,0.018128,0.016289,0.015944
1037.jpg,0,grade2,0.007639,0.007045,0.006235
1039.jpg,0,grade2,0.00859,0.007924,0.006873
1047__dup_03451.jpg,0,grade2,0.011586,0.011023,0.009859
1048.jpg,0,grade2,0.010438,0.009347,0.008741
1052__dup_03397.jpg,0,grade2,0.011817,0.010181,0.009601
1059.jpg,0,grade2,0.022507,0.019138,0.018873
1062__dup_01991.jpg,0,grade2,0.016357,0.014194,0.013816
1065.jpg,0,grade2,0.01899,0.016481,0.016426
1070__dup_02880.jpg,0,grade2,0.018065,0.016064,0.01554
108.jpg,2,grade1,0.026055,0.024843,0.022596
1084.jpg,0,grade2,0.010244,0.008852,0.008443
1085__dup_04834.jpg,0,grade2,0.012459,0.011008,0.010281
1086.jpg,0,grade2,0.016345,0.014989,0.014288
108_13fa3f.jpg,0,grade2,0.010019,0.009086,0.008501
109.jpg,0,grade2,0.01303,0.011703,0.010979
1090.jpg,0,grade2,0.011297,0.009588,0.00933
1092.jpg,0,grade2,0.015262,0.01298,0.01246
1094.jpg,0,grade2,0.009647,0.008053,0.007751
1103__dup_02883.jpg,0,grade2,0.008812,0.007488,0.007102
1105.jpg,0,grade2,0.012109,0.010256,0.009797
1108.jpg,0,grade2,0.015726,0.013255,0.012745
1109.jpg,0,grade2,0.011747,0.009897,0.009144
1112.jpg,0,grade2,0.014716,0.012942,0.012553
1116__dup_02844.jpg,0,grade2,0.018281,0.016047,0.015185
112.jpg,0,grade2,0.019088,0.016712,0.01603
1128.jpg,0,grade2,0.00512,0.004499,0.003902
113.jpg,2,grade1,0.078743,0.072585,0.07779
1132.jpg,0,grade2,0.006432,0.005694,0.00502
113__dup_03739.jpg,0,grade2,0.015934,0.01367,0.012807
1140.jpg,0,grade2,0.011094,0.009589,0.009232
1144.jpg,0,grade2,0.011169,0.00954,0.008889
1147__dup_02368.jpg,0,grade2,0.012533,0.010563,0.009915
1152.jpg,0,grade2,0.020142,0.017696,0.017739
116.jpg,2,grade1,0.021951,0.019487,0.019685
1165.jpg,0,grade2,0.017088,0.015469,0.014896
1172.jpg,0,grade2,0.019738,0.018254,0.01762
1174.jpg,0,grade2,0.019042,0.01703,0.016503
1175__dup_04119.jpg,0,grade2,0.02037,0.01857,0.018597
1176.jpg,0,grade2,0.018795,0.017615,0.017098
1179.jpg,0,grade2,0.018351,0.016465,0.015798
1180.jpg,0,grade2,0.012126,0.010711,0.010105
1183.jpg,0,grade2,0.017503,0.01529,0.014708
1184.jpg,0,grade2,0.011589,0.010277,0.009724
1192__dup_02182.jpg,0,grade2,0.013993,0.011906,0.011467
1196.jpg,0,grade2,0.01335,0.011163,0.010475
120.jpg,2,grade1,0.315722,0.317152,0.40329
1208__dup_03170.jpg,0,grade2,0.016018,0.014052,0.013561
1221.jpg,0,grade2,0.010926,0.009834,0.009362
1225.jpg,0,grade2,0.015831,0.014186,0.013648
1233.jpg,0,grade2,0.013806,0.011612,0.0114
1234.jpg,0,grade2,0.014535,0.012717,0.012093
1235.jpg,0,grade2,0.013041,0.01132,0.010707
1250.jpg,0,grade2,0.023898,0.021579,0.021434
12624110-6951385-image-a-2_1556038131870.jpg,2,grade1,0.001889,0.001701,0.00154
1262__dup_02041.jpg,0,grade2,0.008487,0.007642,0.006927
127.jpg,0,grade2,0.018312,0.016934,0.016045
1279.jpg,0,grade2,0.008693,0.007335,0.007031
1284.jpg,0,grade2,0.012673,0.010585,0.010051
13.jpg,0,grade2,0.006876,0.006226,0.005893
1305.jpg,0,grade2,0.013117,0.011396,0.010799
1309.jpg,0,grade2,0.01136,0.010031,0.009717
130__dup_03581.jpg,0,grade2,0.014434,0.012648,0.012075
1314__dup_02755.jpg,0,grade2,0.011698,0.009938,0.009406
1326__dup_03117.jpg,0,grade2,0.01109,0.009253,0.008599
1339.jpg,0,grade2,0.022256,0.02032,0.02019
1345__dup_03715.jpg,0,grade2,0.01145,0.00981,0.009534
1359.jpg,0,grade2,0.00762,0.006413,0.00617
1364.jpg,0,grade2,0.010313,0.009115,0.008564
1365__dup_01934.jpg,0,grade2,0.011449,0.009889,0.009225
1366__dup_02314.jpg,0,grade2,0.010706,0.009022,0.008407
1367.jpg,0,grade2,0.020486,0.01791,0.017225
1368.jpg,0,grade2,0.010864,0.00896,0.008275
1379.jpg,0,grade2,0.024978,0.021284,0.020149
1380.jpg,0,grade2,0.020266,0.017041,0.016288
1383.jpg,0,grade2,0.016675,0.014455,0.013746
1387.jpg,0,grade2,0.017602,0.014877,0.014472
1398.jpg,0,grade2,0.030005,0.025819,0.025232
1401.jpg,0,grade2,0.030197,0.024975,0.02457
1402.jpg,0,grade2,0.027679,0.023027,0.022447
1404.jpg,0,grade2,0.034368,0.031481,0.03121
1422__dup_04165.jpg,0,grade2,0.013644,0.011953,0.011501
1425.jpg,0,grade2,0.013299,0.011591,0.010905
1429.jpg,0,grade2,0.021415,0.019226,0.018258
1431.jpg,0,grade2,0.022378,0.020141,0.019409
1433.jpg,0,grade2,0.016905,0.01515,0.01436
1443.jpg,0,grade2,0.021578,0.018818,0.018544
1444.jpg,0,grade2,0.022235,0.020105,0.019523
1450.jpg,0,grade2,0.013619,0.011618,0.011228
1451.jpg,0,grade2,0.013381,0.011602,0.011056
1466.jpg,0,grade2,0.012293,0.010966,0.010571
1468.jpg,0,grade2,0.019065,0.016434,0.016041
147.jpg,2,grade1,0.003256,0.002607,0.002184
1474__dup_03484.jpg,0,grade2,0.017805,0.015751,0.015832
1489.jpg,0,grade2,0.011985,0.010875,0.010175
149.jpg,2,grade1,0.014203,0.012901,0.014029
1503.jpg,0,grade2,0.016526,0.014256,0.013377
1505.jpg,0,grade2,0.016155,0.013682,0.013002
1508.jpg,0,grade2,0.012325,0.010899,0.010253
1510__dup_03573.jpg,0,grade2,0.016675,0.014439,0.013903
1513.jpg,0,grade2,0.013643,0.011562,0.010891
152.jpg,0,grade2,0.007921,0.006383,0.005988
1539__dup_02550.jpg,0,grade2,0.011014,0.009522,0.008903
1559.jpg,0,grade2,0.018546,0.015789,0.015138
1568.jpg,0,grade2,0.016984,0.014243,0.01368
1583.jpg,0,grade2,0.011974,0.010172,0.009769
1594.jpg,0,grade2,0.016453,0.014345,0.013439
1598.jpg,0,grade2,0.013098,0.011456,0.010794
1600.jpg,0,grade2,0.011316,0.009884,0.009373
1607__dup_02211.jpg,0,grade2,0.011959,0.010558,0.010051
161.jpg,0,grade2,0.015189,0.01305,0.012412
1610.jpg,0,grade2,0.020344,0.017772,0.017695
1621.jpg,0,grade2,0.011023,0.009294,0.008835
1630.jpg,0,grade2,0.011025,0.009677,0.009031
1633.jpg,0,grade2,0.009224,0.00786,0.007414
164.jpg,2,grade1,0.018753,0.015672,0.015419
1647__dup_02808.jpg,0,grade2,0.017297,0.015394,0.014552
1650__dup_02357.jpg,0,grade2,0.015008,0.012839,0.012678
1652__dup_03660.jpg,0,grade2,0.017226,0.015009,0.014373
166.jpg,1,grade3,0.023569,0.019372,0.017837
1674.jpg,0,grade2,0.015811,0.01348,0.013079
1679.jpg,0,grade2,0.013931,0.012441,0.012057
1680.jpg,0,grade2,0.016651,0.014816,0.014527
1688__dup_02456.jpg,0,grade2,0.0107,0.009156,0.008597
1691.jpg,0,grade2,0.019533,0.01722,0.016563
1699.jpg,0,grade2,0.019676,0.017062,0.016265
1703.jpg,0,grade2,0.018546,0.016856,0.015856
1708__dup_03967.jpg,0,grade2,0.016814,0.014589,0.01404
1718.jpg,0,grade2,0.014496,0.01249,0.011855
173.jpg,2,grade1,0.000532,0.000393,0.000323
1738.jpg,0,grade2,0.012247,0.010365,0.009718
1746.jpg,0,grade2,0.015041,0.012761,0.012688
175.jpg,2,grade1,0.003066,0.002463,0.002058
1758.jpg,0,grade2,0.00841,0.0072,0.006501
1773__dup_02043.jpg,0,grade2,0.013489,0.011733,0.011403
1777.jpg,0,grade2,0.014773,0.012381,0.011936
1790.jpg,0,grade2,0.018793,0.016636,0.016315
1792.jpg,0,grade2,0.024295,0.021369,0.021177
1793.jpg,0,grade2,0.024575,0.022384,0.021753
181.jpg,2,grade1,0.001637,0.001314,0.001184
184.jpg,1,grade3,0.00214,0.001426,0.001184
185__dup_03494.jpg,0,grade2,0.02453,0.021238,0.020547
188.jpg,0,grade2,0.021945,0.018533,0.017881
188_f5b107.jpg,0,grade2,0.001016,0.00081,0.000636
19.jpg,2,grade1,0.008226,0.005765,0.004976
193.jpg,0,grade2,0.009282,0.007642,0.006973
194.jpg,0,grade2,0.008172,0.007076,0.006477
198.jpg,2,grade1,0.004934,0.003926,0.003574
200.jpg,1,grade3,0.000968,0.000721,0.000627
200_17b331.jpg,0,grade2,0.010542,0.009098,0.008757
201.jpg,0,grade2,0.014659,0.01288,0.012273
206.jpg,0,grade2,0.015141,0.013198,0.013
209.jpg,0,grade2,0.015912,0.014319,0.013802
21.jpg,2,grade1,0.005096,0.004444,0.004372
212.jpg,0,grade2,0.019079,0.016689,0.01628
220.jpg,0,grade2,0.021595,0.019611,0.0186
223.jpg,0,grade2,0.001088,0.000856,0.00064
230.jpg,1,grade3,0.001123,0.000769,0.000653
232__dup_03416.jpg,0,grade2,0.042295,0.038239,0.038194
233.jpg,2,grade1,0.00049,0.000381,0.000315
235.jpg,0,grade2,0.034266,0.030289,0.02996
236.jpg,0,grade2,0.023668,0.020097,0.019328
23__dup_01933.jpg,0,grade2,0.013326,0.01152,0.010914
240__dup_03919.jpg,0,grade2,0.013179,0.010874,0.010457
245__dup_03132.jpg,0,grade2,0.013657,0.011591,0.011168
246.jpg,2,grade1,0.000713,0.000542,0.000407
25.jpg,1,grade3,0.001721,0.00131,0.001313
251.jpg,0,grade2,0.015717,0.013768,0.01337
252.jpg,0,grade2,0.013797,0.012156,0.011349
253.jpg,0,grade2,0.009878,0.008426,0.007933
255.jpg,2,grade1,0.008077,0.006997,0.006604
259.jpg,0,grade2,0.017734,0.015614,0.015533
25_909d7e.jpg,0,grade2,0.014749,0.01209,0.011761
272__dup_02496.jpg,0,grade2,0.011179,0.010879,0.010038
275.jpg,0,grade2,0.002018,0.001652,0.001336
276.jpg,2,grade1,0.001073,0.000769,0.000604
276__dup_03643.jpg,0,grade2,0.00967,0.010069,0.008975
28.jpg,0,grade2,0.013439,0.011614,0.010868
281.jpg,0,grade2,0.010496,0.010315,0.009074
284.jpg,0,grade2,0.012507,0.011508,0.010808
285__dup_01909.jpg,0,grade2,0.011142,0.009618,0.009011
288.jpg,2,grade1,0.007072,0.005669,0.0048
291.jpg,0,grade2,0.010651,0.008672,0.008107
294.jpg,0,grade2,0.012737,0.010447,0.01009
301.jpg,1,grade3,0.003407,0.002773,0.002488
306__dup_04210.jpg,0,grade2,0.017365,0.015472,0.014848
307.jpg,0,grade2,0.006958,0.007063,0.005792
31.jpg,2,grade1,0.000478,0.000353,0.000296
311.jpg,1,grade3,0.005054,0.004617,0.004427
312.jpg,2,grade1,0.002167,0.001474,0.001317
318.jpg,0,grade2,0.013124,0.011372,0.010969
323.jpg,2,grade1,0.002371,0.001705,0.001395
324.jpg,2,grade1,2.4e-05,1.4e-05,1.1e-05
327.jpg,2,grade1,0.032993,0.032395,0.031705
329.jpg,2,grade1,0.003499,0.002678,0.002485
334.jpg,2,grade1,0.00103,0.000728,0.000555
335.jpg,0,grade2,0.014721,0.012951,0.012188
341.jpg,0,grade2,0.011999,0.009869,0.009564
344.jpg,2,grade1,0.00031,0.000214,0.000164
345.jpg,0,grade2,0.020516,0.017775,0.016943
346__dup_04965.jpg,0,grade2,0.024294,0.02116,0.021049
347.jpg,0,grade2,0.020636,0.017868,0.01754
353.jpg,0,grade2,0.000787,0.000591,0.000499
356.jpg,2,grade1,0.000142,0.000103,8.2e-05
360__dup_02850.jpg,0,grade2,0.016477,0.015297,0.014336
365.jpg,2,grade1,0.004074,0.002725,0.002144
370.jpg,2,grade1,0.029558,0.028423,0.02981
372.jpg,0,grade2,0.014714,0.013529,0.012914
374.jpg,0,grade2,0.024286,0.022909,0.02276
377.jpg,2,grade1,0.000409,0.000268,0.000255
377_550264.jpg,0,grade2,0.018293,0.016128,0.01549
397__dup_03290.jpg,0,grade2,0.022811,0.020064,0.019652
400.jpg,0,grade2,0.020611,0.01829,0.018131
405.jpg,2,grade1,0.006163,0.005058,0.00456
407.jpg,1,grade3,0.002075,0.001732,0.001618
411.jpg,0,grade2,0.010072,0.009444,0.008706
415.jpg,0,grade2,0.012894,0.012348,0.01165
421.jpg,0,grade2,0.017001,0.015331,0.014819
422.jpg,2,grade1,0.001726,0.001192,0.001073
427.jpg,0,grade2,0.019621,0.01648,0.016205
429.jpg,2,grade1,0.000195,0.000146,0.000114
430.jpg,0,grade2,0.012744,0.011184,0.010635
441.jpg,2,grade1,0.000597,0.000488,0.000309
444.jpg,0,grade2,0.022847,0.020282,0.020163
450.jpg,2,grade1,0.000778,0.00065,0.000518
458__dup_04533.jpg,0,grade2,0.009437,0.00778,0.007257
46.jpg,0,grade2,0.011415,0.010889,0.009885
463.jpg,0,grade2,0.006801,0.005962,0.0053
468.jpg,2,grade1,0.000856,0.00071,0.000492
47.jpg,2,grade1,0.015385,0.014024,0.013874
478.jpg,2,grade1,0.000179,0.000132,0.000102
481.jpg,2,grade1,0.000606,0.000476,0.000455
483.jpg,1,grade3,0.018973,0.015594,0.013599
485.jpg,0,grade2,0.020793,0.018413,0.017592
48EC17AD00000578-5357099-image-a-1_1517910370023.jpg,2,grade1,0.013432,0.010469,0.01028
51.jpg,0,grade2,0.010061,0.008743,0.008005
514.jpg,0,grade2,0.011649,0.009766,0.009285
540.jpg,0,grade2,0.02517,0.023132,0.021957
542.jpg,0,grade2,0.01932,0.017051,0.01608
555.jpg,0,grade2,0.02197,0.019079,0.017944
560.jpg,0,grade2,0.017608,0.015329,0.014424
568__dup_02707.jpg,0,grade2,0.013299,0.011342,0.010784
574.jpg,0,grade2,0.014045,0.012026,0.011624
576.jpg,0,grade2,0.017259,0.014955,0.014669
588.jpg,0,grade2,0.009179,0.008089,0.007302
598__dup_02517.jpg,0,grade2,0.012607,0.011169,0.010664
601.jpg,0,grade2,0.015394,0.013468,0.012833
604.jpg,0,grade2,0.013763,0.01165,0.011359
612.jpg,0,grade2,0.01205,0.010368,0.009753
613.jpg,0,grade2,0.013491,0.011406,0.010935
61__dup_01847.jpg,0,grade2,0.012867,0.011257,0.010812
62.jpg,2,grade1,0.012867,0.010124,0.008933
622.jpg,0,grade2,0.021723,0.019801,0.018765
62__dup_02180.jpg,0,grade2,0.009644,0.008055,0.00763
633.jpg,0,grade2,0.017739,0.015304,0.014887
637.jpg,0,grade2,0.021229,0.018942,0.01868
638.jpg,0,grade2,0.024831,0.022686,0.022275
643.jpg,0,grade2,0.020236,0.017875,0.016967
644__dup_02946.jpg,0,grade2,0.018698,0.016449,0.016037
645.jpg,0,grade2,0.022355,0.019419,0.018839
667.jpg,0,grade2,0.025592,0.023157,0.022794
678.jpg,0,grade2,0.012969,0.011194,0.010626
679.jpg,0,grade2,0.014667,0.012978,0.012613
689.jpg,0,grade2,0.016289,0.014193,0.013525
69.jpg,2,grade1,0.007868,0.006955,0.006372
691.jpg,0,grade2,0.017062,0.014514,0.013806
694.jpg,0,grade2,0.012756,0.010763,0.010018
697__dup_03250.jpg,0,grade2,0.015761,0.013514,0.012796
7.jpg,2,grade1,0.004634,0.003983,0.003912
701__dup_03629.jpg,0,grade2,0.016757,0.014123,0.013552
712.jpg,0,grade2,0.021853,0.018868,0.01886
720.jpg,0,grade2,0.014561,0.011975,0.011486
723__dup_02048.jpg,0,grade2,0.023053,0.020042,0.019127
724.jpg,0,grade2,0.016504,0.014183,0.013573
725.jpg,0,grade2,0.019554,0.017139,0.016401
731.jpg,0,grade2,0.013962,0.011929,0.011308
733.jpg,0,grade2,0.015499,0.013218,0.012862
740.jpg,0,grade2,0.01316,0.010979,0.010414
747.jpg,0,grade2,0.011336,0.009786,0.008866
7509tn.jpg,2,grade1,0.009147,0.007641,0.006156
751.jpg,0,grade2,0.017468,0.014925,0.014292
759.jpg,0,grade2,0.017606,0.015155,0.014528
76.jpg,2,grade1,0.004427,0.003774,0.003917
778__dup_04739.jpg,0,grade2,0.006652,0.005978,0.005392
781.jpg,0,grade2,0.013403,0.012117,0.0112
784.jpg,0,grade2,0.012701,0.011098,0.010829
791.jpg,0,grade2,0.026944,0.02395,0.023676
793__dup_03093.jpg,0,grade2,0.015723,0.013814,0.013539
7__dup_03547.jpg,0,grade2,0.005053,0.004533,0.004047
8.jpg,2,grade1,0.001868,0.001467,0.001466
816.jpg,0,grade2,0.011141,0.010065,0.00888
822.jpg,0,grade2,0.012659,0.011177,0.010822
827.jpg,0,grade2,0.011867,0.010092,0.009767
841__dup_04312.jpg,0,grade2,0.021124,0.018951,0.018538
842.jpg,0,grade2,0.017297,0.014826,0.014545
849.jpg,0,grade2,0.012383,0.010592,0.010012
850__dup_03891.jpg,0,grade2,0.015778,0.013559,0.013062
856__dup_02779.jpg,0,grade2,0.029436,0.02539,0.025325
858.jpg,0,grade2,0.022748,0.019479,0.018732
863.jpg,0,grade2,0.028567,0.025268,0.025354
89.jpg,2,grade1,0.12013,0.09963,0.095623
901.jpg,0,grade2,0.01125,0.010052,0.008854
902.jpg,0,grade2,0.009995,0.009228,0.008394
91.jpg,2,grade1,0.015207,0.012761,0.011744
914.jpg,0,grade2,0.016965,0.015282,0.014767
917.jpg,0,grade2,0.012789,0.011036,0.010679
92.jpg,2,grade1,0.031926,0.029347,0.028965
922.jpg,0,grade2,0.011385,0.0098,0.009105
928.jpg,0,grade2,0.019561,0.016958,0.016607
934.jpg,0,grade2,0.017544,0.014648,0.014304
948.jpg,0,grade2,0.022746,0.019883,0.019383
95.jpg,2,grade1,0.011804,0.009169,0.006556
95_acd21b.jpg,0,grade2,0.001896,0.001615,0.001382
961.jpg,0,grade2,0.019091,0.016683,0.01598
970__dup_03092.jpg,0,grade2,0.017769,0.015032,0.014743
973.jpg,0,grade2,0.019459,0.016835,0.016277
976__dup_03257.jpg,0,grade2,0.016739,0.014946,0.014333
980__dup_02957.jpg,0,grade2,0.013435,0.011292,0.011048
99.jpg,2,grade1,0.036837,0.031313,0.035807
995.jpg,0,grade2,0.002588,0.002101,0.001863
997.jpg,0,grade2,0.002915,0.002336,0.002048
download (16).jpg,2,grade1,0.018055,0.01329,0.009913
download (17).jpg,2,grade1,0.001787,0.00119,0.000901
download (20).jpg,2,grade1,0.015656,0.01294,0.012145
download (4).jpg,2,grade1,0.004568,0.002757,0.001903
download (4)_4a05a2.jpg,1,grade3,0.00292,0.002133,0.001606
download (5).jpg,1,grade3,0.002283,0.001807,0.001669
fusc_0003.png,1,grade3,0.005847,0.004207,0.003582
fusc_0009.png,1,grade3,0.055738,0.061333,0.06574
fusc_0010.png,1,grade3,0.066749,0.067413,0.074089
fusc_0012.png,1,grade3,0.009294,0.008201,0.006997
fusc_0017.png,1,grade3,0.017384,0.015053,0.015883
fusc_0034.png,1,grade3,0.106375,0.103118,0.104682
fusc_0039.png,1,grade3,0.097198,0.101232,0.105473
fusc_0046.png,1,grade3,0.152425,0.156059,0.17993
fusc_0050.png,1,grade3,0.004124,0.003571,0.003464
fusc_0057.png,1,grade3,0.027287,0.024016,0.025936
fusc_0064.png,1,grade3,0.010342,0.009262,0.008566
fusc_0066.png,1,grade3,0.083985,0.073152,0.077111
fusc_0067.png,1,grade3,0.017028,0.016559,0.01511
fusc_0072.png,1,grade3,0.031864,0.033779,0.037496
fusc_0082.png,1,grade3,0.038467,0.031291,0.035516
fusc_0103.png,1,grade3,0.00606,0.00528,0.005084
fusc_0122.png,1,grade3,0.061626,0.060613,0.065528
fusc_0123.png,1,grade3,0.001449,0.001107,0.000936
fusc_0126.png,1,grade3,0.002368,0.00193,0.001892
fusc_0128.png,1,grade3,0.000489,0.000363,0.000315
fusc_0129.png,1,grade3,0.155431,0.167264,0.185681
fusc_0131.png,1,grade3,0.007377,0.006859,0.006469
fusc_0132.png,1,grade3,0.005594,0.004732,0.003935
fusc_0157.png,1,grade3,0.007606,0.005746,0.005238
fusc_0158.png,1,grade3,0.001036,0.000806,0.000651
fusc_0180.png,1,grade3,0.066826,0.068061,0.066139
fusc_0183.png,1,grade3,0.027829,0.032839,0.034588
fusc_0197.png,1,grade3,0.04219,0.042423,0.043965
fusc_0203.png,1,grade3,0.044027,0.04429,0.041483
fusc_0217.png,1,grade3,0.021732,0.019065,0.018822
fusc_0218.png,1,grade3,0.002192,0.001597,0.001366
fusc_0219.png,1,grade3,0.007423,0.006104,0.005612
fusc_0239.png,1,grade3,0.019038,0.018183,0.017513
fusc_0244.png,1,grade3,0.044798,0.041793,0.04274
fusc_0246.png,1,grade3,0.039267,0.038627,0.045181
fusc_0247.png,1,grade3,0.007102,0.005645,0.005236
fusc_0248.png,1,grade3,0.010145,0.008265,0.006844
fusc_0250.png,1,grade3,0.062975,0.058952,0.062857
fusc_0251.png,1,grade3,0.006481,0.00529,0.004903
fusc_0263.png,1,grade3,0.00283,0.002363,0.002108
fusc_0275.png,1,grade3,0.040242,0.041748,0.042733
fusc_0278.png,1,grade3,0.013553,0.013055,0.012972
fusc_0287.png,1,grade3,0.014366,0.013414,0.013132
fusc_0288.png,1,grade3,0.022727,0.021502,0.020399
fusc_0291.png,1,grade3,0.016793,0.013501,0.013552
fusc_0292.png,1,grade3,0.022448,0.020204,0.017266
fusc_0295.png,1,grade3,0.005266,0.004655,0.003935
fusc_0301.png,1,grade3,0.00836,0.007922,0.007562
fusc_0304.png,1,grade3,0.19178,0.219229,0.247622
fusc_0308.png,1,grade3,0.006677,0.004908,0.004163
fusc_0310.png,1,grade3,0.009974,0.008524,0.007229
fusc_0317.png,1,grade3,0.044413,0.042747,0.041454
fusc_0318.png,1,grade3,0.006184,0.004648,0.00412
fusc_0348.png,1,grade3,0.114358,0.105794,0.106949
fusc_0349.png,1,grade3,0.021128,0.020274,0.019745
fusc_0352.png,1,grade3,0.036725,0.032455,0.031966
fusc_0354.png,1,grade3,0.00753,0.006237,0.005671
fusc_0363.png,1,grade3,0.045854,0.043869,0.048661
fusc_0366.png,1,grade3,0.136863,0.159103,0.175232
fusc_0383.png,1,grade3,0.087688,0.091836,0.101177
fusc_0392.png,1,grade3,0.021437,0.02407,0.024934
fusc_0394.png,1,grade3,0.037316,0.036972,0.039528
fusc_0402.png,1,grade3,0.011316,0.010183,0.010226
fusc_0406.png,1,grade3,0.023928,0.02158,0.019189
fusc_0414.png,1,grade3,0.228241,0.24181,0.238404
fusc_0418.png,1,grade3,0.002334,0.001916,0.00143
fusc_0420.png,1,grade3,0.072332,0.07161,0.071675
fusc_0423.png,1,grade3,0.000813,0.000567,0.000412
fusc_0424.png,1,grade3,0.065573,0.075526,0.071409
fusc_0428.png,1,grade3,0.009661,0.007756,0.007425
fusc_0446.png,1,grade3,0.017279,0.015896,0.01454
fusc_0454.png,1,grade3,0.011381,0.009284,0.007951
fusc_0463.png,1,grade3,0.017096,0.012665,0.011931
fusc_0475.png,1,grade3,0.003886,0.002916,0.002608
fusc_0485.png,1,grade3,0.025072,0.023301,0.023433
fusc_0491.png,1,grade3,0.19123,0.205415,0.24682
fusc_0516.png,1,grade3,0.020918,0.016762,0.017611
fusc_0525.png,1,grade3,0.006943,0.005825,0.00563
fusc_0533.png,1,grade3,0.009934,0.009145,0.009076
fusc_0535.png,1,grade3,0.003879,0.003161,0.00277
fusc_0540.png,1,grade3,0.001021,0.000713,0.000589
fusc_0548.png,1,grade3,0.047753,0.041833,0.041677
fusc_0549.png,1,grade3,0.02361,0.022952,0.020483
fusc_0575.png,1,grade3,0.007033,0.005719,0.005407
fusc_0581.png,1,grade3,0.003373,0.00266,0.002231
fusc_0586.png,1,grade3,0.321391,0.397373,0.461979
fusc_0589.png,1,grade3,0.018065,0.015763,0.016121
fusc_0599.png,1,grade3,0.010376,0.008542,0.007047
fusc_0605.png,1,grade3,0.061324,0.055767,0.05409
fusc_0618.png,1,grade3,0.045765,0.047127,0.05052
fusc_0629.png,1,grade3,0.239527,0.252528,0.266205
fusc_0643.png,1,grade3,0.025848,0.023275,0.023954
fusc_0646.png,1,grade3,0.00499,0.004304,0.004135
fusc_0653.png,1,grade3,0.005126,0.004327,0.004224
fusc_0654.png,1,grade3,0.002893,0.002488,0.00212
fusc_0655.png,1,grade3,0.004399,0.003854,0.003268
fusc_0665.png,1,grade3,0.011431,0.009868,0.010757
fusc_0684.png,1,grade3,0.001065,0.000752,0.000498
fusc_0700.png,1,grade3,0.032711,0.034593,0.035173
fusc_0710.png,1,grade3,0.005008,0.004725,0.004707
fusc_0716.png,1,grade3,0.050816,0.048381,0.049968
fusc_0717.png,1,grade3,0.010723,0.008993,0.008103
fusc_0723.png,1,grade3,0.03589,0.039667,0.036279
fusc_0735.png,1,grade3,0.015057,0.014958,0.013724
fusc_0747.png,1,grade3,0.015075,0.012495,0.011713
fusc_0753.png,1,grade3,0.008406,0.007446,0.006775
fusc_0770.png,1,grade3,0.001601,0.001297,0.001206
fusc_0774.png,1,grade3,0.103582,0.099571,0.092179
fusc_0780.png,1,grade3,0.049449,0.040538,0.040076
fusc_0796.png,1,grade3,0.015558,0.014789,0.015141
fusc_0801.png,1,grade3,0.007932,0.006754,0.005809
fusc_0802.png,1,grade3,0.080615,0.094543,0.113424
fusc_0811.png,1,grade3,0.002972,0.002436,0.002061
fusc_0814.png,1,grade3,0.031185,0.032882,0.033515
fusc_0829.png,1,grade3,0.001999,0.001463,0.00126
fusc_0832.png,1,grade3,0.002071,0.001722,0.001446
fusc_0833.png,1,grade3,0.010634,0.009577,0.008957
fusc_0836.png,1,grade3,0.003741,0.003233,0.003
fusc_0839.png,1,grade3,0.001111,0.000931,0.000811
fusc_0853.png,1,grade3,0.016837,0.014301,0.013026
fusc_0858.png,1,grade3,0.048306,0.048166,0.048144
fusc_0879.png,1,grade3,0.045881,0.049676,0.050807
fusc_0880.png,1,grade3,0.253282,0.286359,0.310751
fusc_0886.png,1,grade3,0.068814,0.071658,0.094097
fusc_0888.png,1,grade3,0.009453,0.007787,0.007017
fusc_0906.png,1,grade3,0.008518,0.007537,0.007742
fusc_0911.png,1,grade3,0.013062,0.012237,0.012153
fusc_0912.png,1,grade3,0.010125,0.010077,0.010116
fusc_0915.png,1,grade3,0.002631,0.001929,0.001639
fusc_0923.png,1,grade3,0.0056,0.004962,0.003989
fusc_0930.png,1,grade3,0.003508,0.002956,0.002384
fusc_0935.png,1,grade3,0.060884,0.054493,0.060533
fusc_0936.png,1,grade3,0.005271,0.003964,0.003247
fusc_0939.png,1,grade3,0.02249,0.019547,0.018628
fusc_0952.png,1,grade3,0.141344,0.176603,0.185034
fusc_0959.png,1,grade3,0.040048,0.039975,0.039613
fusc_0975.png,1,grade3,0.026872,0.023362,0.023771
fusc_0991.png,1,grade3,0.093075,0.089116,0.098832
fusc_0992.png,1,grade3,0.008476,0.007111,0.005819
fusc_0995.png,1,grade3,0.057478,0.057054,0.049649
fusc_1001.png,1,grade3,0.003139,0.002585,0.002256
fusc_1004.png,1,grade3,0.157729,0.168014,0.178665
fusc_1005.png,1,grade3,0.010651,0.008249,0.007128
fusc_1007.png,1,grade3,0.011007,0.010204,0.010317
fusc_1024.png,1,grade3,0.018983,0.018643,0.017719
fusc_1047.png,1,grade3,0.032753,0.032528,0.033453
fusc_1050.png,1,grade3,0.002026,0.001582,0.001397
fusc_1055.png,1,grade3,0.045336,0.047576,0.050694
fusc_1066.png,1,grade3,0.071779,0.077126,0.075857
fusc_1074.png,1,grade3,0.046097,0.046689,0.046936
fusc_1089.png,1,grade3,0.077953,0.081864,0.076504
fusc_1118.png,1,grade3,0.007532,0.006368,0.005989
fusc_1165.png,1,grade3,0.028855,0.027823,0.029042
fusc_1183.png,1,grade3,0.203765,0.206017,0.240821
fusc_1190.png,1,grade3,0.023014,0.022851,0.022753
fusc_1238.png,1,grade3,0.009791,0.008926,0.008196
fusc_1240.png,1,grade3,0.008499,0.00777,0.007049
fusc_1253.png,1,grade3,0.007431,0.006957,0.005888
fusc_1254.png,1,grade3,0.019317,0.017657,0.014531
fusc_1266.png,1,grade3,0.004319,0.003649,0.003477
fusc_1278.png,1,grade3,0.0208,0.018663,0.018745
fusc_1284.png,1,grade3,0.023298,0.022982,0.023279
fusc_1287.png,1,grade3,0.080505,0.084335,0.087826
fusc_1296.png,1,grade3,0.042679,0.042275,0.041717
fusc_1298.png,1,grade3,0.021214,0.020076,0.019413
fusc_1300.png,1,grade3,0.008579,0.007867,0.007004
fusc_1363.png,1,grade3,0.027254,0.026994,0.026138
fusc_1396.png,1,grade3,0.013381,0.01153,0.011168
fusc_1397.png,1,grade3,0.027179,0.026729,0.028002
fusc_1437.png,1,grade3,0.027533,0.030278,0.028247
fusc_1439.png,1,grade3,0.28177,0.283063,0.339007
graphic-3.large_-346x188.jpg,1,grade3,0.004623,0.003819,0.003727
images (10).jpg,2,grade1,0.002251,0.00136,0.00119
images (11).jpg,2,grade1,0.000705,0.000581,0.000502
images (16).jpg,2,grade1,0.004008,0.003459,0.003299
images (23).jpg,2,grade1,0.04026,0.033833,0.032334
images (25).jpg,2,grade1,0.004984,0.003449,0.002615
images (31).jpg,2,grade1,0.008149,0.008031,0.007664
images (31)_c26697.jpg,2,grade1,0.001416,0.001021,0.00095
images (35).jpg,1,grade3,0.012492,0.009876,0.009444
images (39).jpg,2,grade1,0.000387,0.000316,0.000245
images (45).jpg,2,grade1,0.022643,0.018288,0.019772
images (5).jpg,2,grade1,0.033869,0.030548,0.030374
images (50).jpg,2,grade1,0.001082,0.000797,0.000639
images (60).jpg,2,grade1,0.023995,0.01861,0.021385
images (64).jpg,2,grade1,0.010543,0.00839,0.008565
images (76).jpg,2,grade1,0.002969,0.002346,0.001721
images (79).jpg,2,grade1,0.000781,0.000609,0.00048
images (80).jpg,2,grade1,0.007885,0.005053,0.004103
images (86).jpg,2,grade1,0.007507,0.00718,0.006439
images - 2019-12-16T110105.694.jpg,2,grade1,0.001473,0.000974,0.000815
images - 2019-12-16T110212.237.jpg,2,grade1,0.000432,0.000257,0.000179
images - 2019-12-16T110343.653.jpg,2,grade1,0.002386,0.001736,0.001547
images - 2019-12-16T110446.156.jpg,2,grade1,0.000398,0.000271,0.000199
images - 2019-12-16T110628.771.jpg,2,grade1,0.000314,0.000209,0.000156
images - 2019-12-16T111232.636.jpg,2,grade1,0.002248,0.001664,0.001346
images - 2019-12-16T111236.437.jpg,2,grade1,0.000521,0.000325,0.000257
images - 2019-12-16T111510.028.jpg,2,grade1,0.006646,0.004904,0.004987
images - 2019-12-16T111515.168.jpg,2,grade1,0.010084,0.00791,0.006372
images - 2019-12-16T111932.832.jpg,2,grade1,0.001179,0.000779,0.000579
images - 2019-12-16T112221.505.jpg,2,grade1,0.001128,0.000769,0.000561
images - 2019-12-16T112716.379.jpg,2,grade1,0.013048,0.011308,0.011301
images - 2019-12-16T112812.170.jpg,2,grade1,0.004145,0.003429,0.002872
images - 2019-12-16T113552.530.jpg,2,grade1,0.00493,0.004267,0.003897
images - 2019-12-16T113556.413.jpg,2,grade1,0.006406,0.005554,0.005847
images - 2019-12-16T113615.148.jpg,1,grade3,0.000964,0.00066,0.000551
images - 2019-12-16T113739.210.jpg,2,grade1,0.00189,0.001277,0.00097
images - 2019-12-16T113829.443.jpg,2,grade1,0.000105,5.6e-05,4e-05
images - 2019-12-16T113834.434.jpg,2,grade1,0.0023,0.001914,0.001533
images - 2019-12-16T113928.332.jpg,2,grade1,0.001408,0.001049,0.000922
images - 2019-12-16T114005.845.jpg,2,grade1,0.00686,0.005909,0.004814
images - 2019-12-16T114051.844.jpg,2,grade1,0.025122,0.020595,0.02155
images - 2019-12-16T114232.747.jpg,2,grade1,0.003751,0.002906,0.002575
images - 2019-12-16T114340.940.jpg,2,grade1,0.002016,0.001656,0.001376
images - 2019-12-16T114640.341.jpg,2,grade1,0.001663,0.001175,0.001024
images - 2019-12-16T114645.314.jpg,2,grade1,0.000858,0.000596,0.000487
images - 2019-12-16T115037.092.jpg,2,grade1,0.00095,0.000684,0.000567
images - 2019-12-16T115334.875.jpg,1,grade3,0.001491,0.001143,0.000947
images - 2019-12-16T115400.130.jpg,2,grade1,0.000214,0.00015,9.7e-05
images - 2019-12-16T115526.824.jpg,1,grade3,0.00024,0.000166,0.000137
images - 2019-12-16T115847.364.jpg,2,grade1,0.000854,0.000588,0.000443
images - 2019-12-16T120033.260.jpg,2,grade1,0.000752,0.000613,0.000435
images - 2019-12-16T120802.616.jpg,2,grade1,0.00046,0.000326,0.000279
images - 2019-12-16T120841.202.jpg,1,grade3,0.002331,0.001488,0.001104
images - 2019-12-16T120900.234.jpg,1,grade3,0.000808,0.000656,0.00055
images - 2019-12-16T121052.466.jpg,2,grade1,0.013003,0.010102,0.009149
images - 2019-12-16T123452.883.jpg,2,grade1,0.000497,0.000367,0.000324
images - 2019-12-16T123656.377.jpg,1,grade3,0.006732,0.00595,0.005316
images - 2019-12-16T124253.884.jpg,2,grade1,0.002372,0.001867,0.001863
images - 2019-12-16T124440.526.jpg,2,grade1,0.006936,0.007223,0.006854
images - 2019-12-16T124731.436.jpg,2,grade1,0.008874,0.007158,0.005921
images - 2019-12-16T125100.904.jpg,2,grade1,2.9e-05,1.6e-05,1.1e-05
images - 2019-12-16T125148.007.jpg,1,grade3,0.00304,0.002609,0.002572
isc-ulc1.jpg,2,grade1,0.018028,0.015133,0.013114
medetec_0007.png,1,grade3,0.032616,0.025645,0.023404
medetec_0015.png,1,grade3,0.095014,0.087667,0.090892
medetec_0023.png,1,grade3,0.274312,0.280123,0.313691
medetec_0034.png,1,grade3,0.002699,0.002092,0.001882
medetec_0037.png,1,grade3,0.003057,0.002364,0.002045
medetec_0041.png,1,grade3,0.006519,0.0052,0.004702
medetec_0055.png,1,grade3,0.002256,0.001748,0.001456
medetec_0067.png,1,grade3,0.003194,0.002687,0.00227
medetec_0074.png,1,grade3,0.002334,0.001708,0.001443
medetec_0080.png,1,grade3,0.055624,0.049397,0.051136
medetec_0091.png,1,grade3,0.043414,0.039131,0.035706
medetec_0101.png,1,grade3,0.009839,0.008821,0.007511
medetec_0102.png,1,grade3,0.010304,0.007984,0.007642
medetec_0105.png,1,grade3,0.052416,0.050337,0.045953
medetec_0122.png,1,grade3,0.005582,0.004587,0.003863
medetec_0132.png,1,grade3,0.007923,0.006381,0.0052
medetec_0135.png,1,grade3,0.005123,0.004151,0.003199
medetec_0141.png,1,grade3,0.002803,0.002191,0.001936
medetec_0144.png,1,grade3,0.07489,0.078839,0.080617
medetec_0150.png,1,grade3,0.005091,0.003633,0.002789
medetec_0152.png,1,grade3,0.000477,0.000383,0.000286
medetec_0154.png,1,grade3,0.014089,0.010612,0.009096
medetec_0158.png,1,grade3,0.000952,0.0007,0.000545
medetec_0160.png,1,grade3,0.011131,0.009965,0.009009
medetec_0169.png,1,grade3,0.009271,0.008084,0.00728
medetec_0174.png,1,grade3,0.098852,0.09753,0.100711
medetec_0175.png,1,grade3,0.009358,0.0078,0.006875
medetec_0185.png,1,grade3,0.001019,0.000757,0.000553
medetec_0189.png,1,grade3,0.002094,0.001369,0.001168
medetec_0196.png,1,grade3,0.020807,0.020211,0.019864
medetec_0198.png,1,grade3,0.007636,0.006412,0.005173
medetec_0199.png,1,grade3,0.019113,0.018175,0.018598
medetec_0206.png,1,grade3,0.128425,0.132219,0.122738
medetec_0209.png,1,grade3,0.010552,0.009243,0.008284
medetec_0211.png,1,grade3,0.049828,0.041046,0.041524
medetec_0217.png,1,grade3,0.005611,0.004161,0.003633
medetec_0218.png,1,grade3,0.02566,0.020524,0.018006
medetec_0223.png,1,grade3,0.179473,0.185637,0.18608
medetec_0231.png,1,grade3,0.286776,0.269675,0.248917
medetec_0241.png,1,grade3,0.556592,0.570025,0.578343
medetec_0244.png,1,grade3,0.028724,0.026338,0.024645
medetec_0250.png,1,grade3,0.015177,0.01185,0.010065
medetec_0257.png,1,grade3,0.028518,0.026324,0.025977
medetec_0259.png,1,grade3,0.173326,0.166582,0.179901
medetec_0261.png,1,grade3,0.164432,0.135693,0.145048
medetec_0286.png,1,grade3,0.027264,0.024717,0.021674
medetec_0287.png,1,grade3,0.00642,0.005771,0.005154
medetec_0294.png,1,grade3,0.00383,0.003386,0.002845
medetec_0296.png,1,grade3,0.014327,0.01196,0.010426
medetec_0297.png,1,grade3,0.004646,0.003409,0.002713
medetec_0323.png,1,grade3,0.01769,0.016223,0.015262
medetec_0325.png,1,grade3,0.143427,0.137221,0.120702
medetec_0329.png,1,grade3,0.085535,0.088972,0.098136
medetec_0331.png,1,grade3,0.400221,0.37865,0.401933
medetec_0342.png,1,grade3,0.056719,0.051531,0.04588
medetec_0343.png,1,grade3,0.008816,0.00802,0.006936
medetec_0345.png,1,grade3,0.008019,0.006928,0.005802
medetec_0349.png,1,grade3,0.020831,0.018004,0.017269
medetec_0355.png,1,grade3,0.003264,0.002591,0.002467
medetec_0356.png,1,grade3,0.012874,0.012924,0.011829
medetec_0357.png,1,grade3,0.036572,0.031562,0.031782
medetec_0358.png,1,grade3,0.009666,0.007834,0.006605
medetec_0359.png,1,grade3,0.347899,0.396734,0.46753
medetec_0361.png,1,grade3,0.030062,0.026252,0.026455
medetec_0372.png,1,grade3,0.057665,0.061574,0.053182
r0_0_1000_562_w1200_h678_fmax.jpg,2,grade1,0.008505,0.008119,0.008308
sloughy-pressure-ulcer-0025.jpg,2,grade1,0.180876,0.163031,0.133592
superficial-pressure-ulcer0002.jpg,2,grade1,0.000806,0.000576,0.00047
superficial-pressure-ulcer0006.jpg,2,grade1,0.110539,0.104609,0.100467
superficial-pressure-ulcer0011.jpg,2,grade1,0.013998,0.012644,0.0105
superficial-pressure-ulcer0012.jpg,2,grade1,0.001886,0.001404,0.001065
superficial-pressure-ulcer0013.jpg,1,grade3,0.015617,0.012494,0.012262
treating--pressure-ulcers0014.jpg,2,grade1,0.07804,0.073421,0.085351
wound_main-0003.jpg,1,grade3,0.001655,0.001177,0.001111
wound_main-0005.jpg,1,grade3,0.001583,0.00118,0.000997
wound_main-0010.jpg,1,grade3,0.009194,0.00786,0.007164
wound_main-0012.jpg,2,grade1,0.005977,0.006643,0.005539
wound_main-0027.jpg,2,grade1,0.002587,0.001889,0.001471
wound_main-0028.jpg,2,grade1,0.003106,0.00267,0.002815
wound_main-0056.jpg,2,grade1,0.002215,0.001721,0.001585
wound_main-0059.jpg,2,grade1,0.003594,0.002882,0.00225
wound_main-0066.jpg,2,grade1,0.006538,0.006194,0.005697
wound_main-0069.jpg,2,grade1,0.004213,0.003436,0.002955
wound_main-0072.jpg,1,grade3,0.002647,0.002349,0.001783
wound_main-0077.jpg,1,grade3,0.169097,0.168621,0.194267
wound_main-0082.jpg,1,grade3,0.010672,0.009688,0.010321
wound_main-0090.jpg,2,grade1,7e-05,3.8e-05,2.6e-05
wound_main-0097.jpg,2,grade1,0.000629,0.000429,0.000307
wound_main-0102.jpg,2,grade1,0.030809,0.03086,0.034229
wound_main-0117.jpg,2,grade1,0.003393,0.002591,0.002717
wound_main-0124.jpg,2,grade1,0.003675,0.003104,0.003204
wound_main-0125.jpg,2,grade1,0.009635,0.009103,0.008602
wound_main-0131.jpg,2,grade1,0.000617,0.000366,0.000279
wound_main-0136.jpg,1,grade3,0.008033,0.006299,0.006181
wound_main-0139.jpg,2,grade1,0.012395,0.011995,0.01163
wound_main-0142.jpg,2,grade1,0.001077,0.000692,0.000451
wound_main-0149.jpg,2,grade1,0.002555,0.001916,0.00164
wound_main-0151.jpg,2,grade1,0.000545,0.000348,0.000282
wound_main-0162.jpg,1,grade3,0.003457,0.002581,0.002132
wound_main-0178.jpg,2,grade1,0.001992,0.001532,0.001303
wound_main-0179.jpg,2,grade1,0.017992,0.01413,0.012846
wound_main-0182.jpg,2,grade1,0.004917,0.003528,0.002956
wound_main-0187.jpg,2,grade1,0.004968,0.004657,0.004474
wound_main-0199.jpg,1,grade3,0.001461,0.001066,0.000997
wound_main-0212.jpg,2,grade1,0.043635,0.046578,0.04773
wound_main-0218.jpg,2,grade1,0.049253,0.051228,0.06186
wound_main-0221.jpg,2,grade1,0.000535,0.000397,0.000299
wound_main-0224.jpg,1,grade3,0.003412,0.003475,0.002602
wound_main-0228.jpg,2,grade1,0.014728,0.012088,0.011532
wound_main-0242.jpg,1,grade3,0.177053,0.166418,0.160851
wound_main-0249.jpg,2,grade1,0.000107,8.5e-05,5.6e-05
wound_main-0254.jpg,2,grade1,0.000431,0.000213,0.000147
wound_main-0261.jpg,1,grade3,0.089515,0.095557,0.101442
wound_main-0264.jpg,2,grade1,0.002008,0.001805,0.001875
wound_main-0270.jpg,1,grade3,0.040629,0.04655,0.054288
wound_main-0274.jpg,2,grade1,0.014673,0.014273,0.01532
wound_main-0275.jpg,1,grade3,0.00569,0.005321,0.005081
wound_main-0276.jpg,2,grade1,0.00592,0.004693,0.004294
wound_main-0285.jpg,1,grade3,0.023694,0.02097,0.019966
wound_main-0290.jpg,2,grade1,0.060655,0.062034,0.067387
wound_main-0291.jpg,1,grade3,0.029759,0.031004,0.036846
wound_main-0297.jpg,2,grade1,0.029565,0.026808,0.023551
wound_main-0307.jpg,2,grade1,0.00487,0.003935,0.002689
wound_main-0313.jpg,2,grade1,0.001492,0.001086,0.000962
wound_main-0329.jpg,2,grade1,0.065477,0.069053,0.080227
wound_main-0335.jpg,2,grade1,0.000462,0.000325,0.000237
wound_main-0338.jpg,1,grade3,0.07258,0.081034,0.097085
wound_main-0343.jpg,1,grade3,0.002813,0.002284,0.001817
wound_main-0353.jpg,2,grade1,0.026089,0.022856,0.025964
wound_main-0359.jpg,2,grade1,0.000137,8e-05,5.8e-05
wound_main-0360.jpg,1,grade3,0.034917,0.036235,0.035572
wound_main-0361.jpg,2,grade1,0.508661,0.551962,0.593916
wound_main-0363.jpg,2,grade1,0.002405,0.00183,0.001508
wound_main-0364.jpg,2,grade1,0.006486,0.005303,0.005726
wound_main-0365.jpg,2,grade1,0.015502,0.01374,0.01291
wound_main-0379.jpg,1,grade3,1.8e-05,1e-05,7e-06
wound_main-0381.jpg,2,grade1,0.000356,0.000218,0.000138
wound_main-0393.jpg,2,grade1,0.022656,0.020693,0.024446
wound_main-0401.jpg,2,grade1,0.016468,0.014744,0.01378
wound_main-0407.jpg,2,grade1,0.000618,0.000432,0.000328
wound_main-0428.jpg,2,grade1,0.028291,0.023612,0.020936
wound_main-0456.jpg,2,grade1,0.02529,0.020304,0.017797
wound_main-0460.jpg,1,grade3,0.055934,0.067047,0.081199
wound_main-0464.jpg,2,grade1,0.009086,0.006689,0.006311
wound_main-0465.jpg,2,grade1,0.000143,8.5e-05,5.9e-05
wound_main-0467.jpg,1,grade3,0.002564,0.002449,0.002229
wound_main-0468.jpg,2,grade1,0.003997,0.003207,0.002872
wound_main-0471.jpg,1,grade3,0.000178,0.000112,7.5e-05
wound_main-0474.jpg,2,grade1,0.000333,0.00018,0.000125
wound_main-0499.jpg,2,grade1,0.000421,0.000248,0.000167
wound_main-0505.jpg,2,grade1,0.16345,0.158646,0.159813
wound_main-0521.jpg,1,grade3,0.000804,0.000485,0.000366
wound_main-0529.jpg,2,grade1,0.000699,0.000476,0.000412
wound_main-0535.jpg,2,grade1,0.00385,0.002659,0.002394
wound_main-0540.jpg,1,grade3,0.001343,0.000971,0.000737
wound_main-0543.jpg,2,grade1,0.013141,0.011352,0.009974
wound_main-0551.jpg,2,grade1,0.004881,0.003968,0.003868
wound_main-0557.jpg,1,grade3,0.002589,0.002268,0.00181
wound_main-0564.jpg,1,grade3,0.001599,0.001371,0.001112
wound_main-0568.jpg,2,grade1,0.002463,0.001925,0.001744
wound_main-0573.jpg,2,grade1,0.000227,0.000165,0.000115
wound_main-0593.jpg,2,grade1,0.001493,0.001057,0.000869
wound_main-0594.jpg,2,grade1,0.00035,0.000207,0.000146
wound_main-0599.jpg,1,grade3,0.006206,0.005065,0.004581
wound_main-0603.jpg,2,grade1,6.9e-05,4e-05,2.4e-05
wound_main-0609.jpg,2,grade1,0.000255,0.000168,0.000122
wound_main-0612.jpg,2,grade1,0.025531,0.023485,0.022905
wound_main-0614.jpg,1,grade3,0.001984,0.00148,0.001132
wound_main-0615.jpg,1,grade3,0.032001,0.032526,0.035032
wound_main-0619.jpg,2,grade1,0.016043,0.012721,0.008591
wound_main-0622.jpg,2,grade1,0.003362,0.003449,0.002693
wound_main-0637.jpg,2,grade1,0.039108,0.040515,0.04063
wound_main-0640.jpg,1,grade3,0.034878,0.034941,0.031303
wound_main-0641.jpg,1,grade3,0.002645,0.002152,0.001755
wound_main-0645.jpg,2,grade1,0.022835,0.022315,0.023005
wound_main-0654.jpg,2,grade1,0.011313,0.011091,0.009731
wound_main-0658.jpg,2,grade1,0.001467,0.001237,0.000978
wound_main-0661.jpg,1,grade3,0.00077,0.000564,0.000472
wound_main-0668.jpg,2,grade1,0.000347,0.000234,0.000196
wound_main-0671.jpg,2,grade1,0.00649,0.005005,0.004575
wound_main-0672.jpg,2,grade1,0.006164,0.004724,0.004034
wound_main-0673.jpg,2,grade1,0.000411,0.000318,0.000215
wound_main-0675.jpg,2,grade1,0.007934,0.009222,0.007669
wound_main-0696.jpg,1,grade3,0.039468,0.031773,0.031671
wound_main-0699.jpg,2,grade1,0.023602,0.021175,0.021385
wound_main-0700.jpg,1,grade3,0.001236,0.000967,0.000756
wound_main-0703.jpg,2,grade1,0.00207,0.001577,0.001143
wound_main-0705.jpg,2,grade1,0.000825,0.000656,0.000475
wound_main-0721.jpg,1,grade3,0.001764,0.001325,0.001076
wound_main-0722.jpg,1,grade3,0.007321,0.007178,0.007262
wound_main-0725.jpg,2,grade1,0.005792,0.004503,0.003972
wound_main-0729.jpg,2,grade1,0.002927,0.002454,0.001902
wound_main-0731.jpg,2,grade1,0.001824,0.001231,0.000999
wound_main-0732.jpg,2,grade1,0.000682,0.000461,0.00029
wound_main-0739.jpg,2,grade1,0.004593,0.003881,0.00349
wound_main-0740.jpg,2,grade1,0.011189,0.009947,0.009649
wound_main-0743.jpg,2,grade1,0.000338,0.000232,0.00018
wound_main-0746.jpg,2,grade1,0.001292,0.000956,0.000839
wound_main-0763.jpg,2,grade1,0.002231,0.00199,0.001423
wound_main-0766.jpg,2,grade1,0.001651,0.001192,0.000922
wound_main-0767.jpg,2,grade1,0.001211,0.000962,0.000836
wound_main-0771.jpg,2,grade1,0.000947,0.000614,0.000454
wound_main-0781.jpg,2,grade1,0.002887,0.002274,0.001836
wound_main-0786.jpg,2,grade1,0.001677,0.001257,0.001089
wound_main-0790.jpg,2,grade1,0.002868,0.00251,0.001862
wound_main-0794.jpg,1,grade3,0.004041,0.003121,0.00264
wound_main-0801.jpg,1,grade3,0.001037,0.000679,0.000489
wound_main-0802.jpg,2,grade1,0.001187,0.000967,0.000707
wound_main-0803.jpg,1,grade3,3.4e-05,2.1e-05,1.4e-05
wound_main-0806.jpg,2,grade1,0.003601,0.002155,0.001773
wound_main-0812.jpg,2,grade1,0.002187,0.001887,0.001573
wound_main-0820.jpg,2,grade1,0.000646,0.000457,0.000327
wound_main-0829.jpg,2,grade1,0.004526,0.004101,0.004083
wound_main-0832.jpg,2,grade1,0.000137,7.7e-05,4.7e-05
wound_main-0833.jpg,2,grade1,0.001508,0.001323,0.001043
wound_main-0840.jpg,1,grade3,0.000512,0.000358,0.000255
wound_main-0855.jpg,2,grade1,0.000298,0.000198,0.000123
wound_main-0870.jpg,2,grade1,0.000523,0.000372,0.000271
wound_main-0873.jpg,1,grade3,0.063799,0.070322,0.079439
wound_main-0878.jpg,1,grade3,0.003049,0.002923,0.002897
wound_main-0879.jpg,2,grade1,0.00141,0.001048,0.000819
wound_main-0882.jpg,1,grade3,0.00048,0.000397,0.000359
wound_main-0883.jpg,2,grade1,0.000182,0.000137,9.3e-05
wound_main-0886.jpg,2,grade1,0.016954,0.016524,0.016513
wound_main-0911.jpg,2,grade1,0.027234,0.022829,0.024133
wound_main-0946.jpg,2,grade1,0.005499,0.004112,0.003606
wound_main-0955.jpg,2,grade1,0.004211,0.003517,0.003774
wound_main-0970.jpg,2,grade1,0.003896,0.003874,0.002977
wound_main-1013.jpg,1,grade3,0.012298,0.010725,0.00956
wound_main-1017.jpg,1,grade3,0.001403,0.001038,0.000795
wound_main-1027.jpg,2,grade1,0.004708,0.003678,0.003121
wound_main-1029.jpg,2,grade1,0.005294,0.004357,0.004166
wound_main-1030.jpg,1,grade3,0.01742,0.018059,0.017868
wound_main-1033.jpg,2,grade1,0.000368,0.000278,0.000208
wound_main-1035.jpg,1,grade3,0.001557,0.001259,0.001109
wound_main-1036.jpg,2,grade1,0.003332,0.002692,0.002199
wound_main-1044.jpg,1,grade3,0.024786,0.024408,0.019712
wound_main-1049.jpg,1,grade3,0.002105,0.00171,0.001416
wound_main-1057.jpg,1,grade3,0.001898,0.001884,0.00206
wound_main-1065.jpg,1,grade3,0.000462,0.000281,0.000198
wound_main-1067.jpg,2,grade1,0.000188,0.000123,9.9e-05
wound_main-1079.jpg,1,grade3,0.048117,0.061939,0.073302
wound_main-1082.jpg,2,grade1,0.002262,0.00176,0.001474
wound_main-1104.jpg,2,grade1,0.00125,0.000841,0.000645
wound_main-1106.jpg,2,grade1,0.007971,0.006074,0.004848
wound_main-1111.jpg,1,grade3,0.00474,0.003866,0.003119
wound_main-1118.jpg,1,grade3,0.00115,0.000912,0.000728
wound_main-1121.jpg,2,grade1,0.000585,0.000459,0.000317
wound_main-1123.jpg,1,grade3,0.003598,0.002873,0.002284
wound_main-1131.jpg,2,grade1,0.00022,0.000159,0.000122
wound_main-1132.jpg,1,grade3,0.000571,0.000408,0.000316
wound_main-1144.jpg,1,grade3,0.005193,0.004444,0.003968
wound_main-1148.jpg,2,grade1,0.000236,0.000142,9.4e-05
wound_main-1163.jpg,1,grade3,0.000779,0.000502,0.000352
wound_main-1167.jpg,2,grade1,0.011227,0.007579,0.006714
wound_main-1172.jpg,2,grade1,0.006538,0.004842,0.004546
wound_main-1174.jpg,1,grade3,0.003258,0.002728,0.002313
wound_main-1177.jpg,2,grade1,0.000451,0.000295,0.0002
wound_main-1178.jpg,1,grade3,0.001752,0.00142,0.001223
wound_main-1180.jpg,1,grade3,0.000739,0.000579,0.00044
wound_main-1193.jpg,1,grade3,0.00049,0.000364,0.000281
wound_main-1201.jpg,2,grade1,0.000707,0.000535,0.000406
wound_main-1204.jpg,2,grade1,0.004183,0.004017,0.003298
wound_main-1206.jpg,2,grade1,0.002325,0.002049,0.001653
wound_main-1210.jpg,1,grade3,0.009374,0.007479,0.006137
wound_main-1212.jpg,2,grade1,0.078083,0.064526,0.070257
wound_main-1213.jpg,2,grade1,0.000375,0.000283,0.000203
wound_main-1218.jpg,2,grade1,0.00057,0.000444,0.000339
wound_main-1219.jpg,1,grade3,0.014893,0.01261,0.010162
wound_main-1223.jpg,2,grade1,0.011616,0.009785,0.008755
wound_main-1227.jpg,2,grade1,0.001116,0.00094,0.000795
wound_main-1229.jpg,2,grade1,0.000296,0.00021,0.000167
wound_main-1234.jpg,2,grade1,0.001333,0.001,0.000792
wound_main-1236.jpg,0,grade2,0.005176,0.003856,0.002754
wound_main-1240.jpg,1,grade3,7.6e-05,5.3e-05,3.5e-05
wound_main-1257.jpg,2,grade1,0.001334,0.000984,0.000769
wound_main-1258.jpg,1,grade3,0.044621,0.039463,0.037503
wound_main-1260.jpg,2,grade1,0.00321,0.002887,0.002728
wound_main-1266.jpg,1,grade3,0.006666,0.004908,0.004704
wound_main-1274.jpg,1,grade3,0.013269,0.010597,0.010586
wound_main-1280.jpg,2,grade1,0.001447,0.001245,0.001107
wound_main-1297.jpg,2,grade1,0.005692,0.004154,0.003044
wound_main-1301.jpg,1,grade3,0.035024,0.035844,0.033142
wound_main-1310.jpg,2,grade1,0.020569,0.01376,0.011454
wound_main-1316.jpg,1,grade3,0.011355,0.012408,0.012418
wound_main-1321.jpg,2,grade1,0.000666,0.00041,0.00034
wound_main-1323.jpg,2,grade1,0.00138,0.001024,0.000749
wound_main-1334.jpg,1,grade3,0.000613,0.000391,0.000297
wound_main-1337.jpg,2,grade1,0.001804,0.001272,0.000883
wound_main-1338.jpg,2,grade1,0.03383,0.028001,0.026431
wound_main-1339.jpg,2,grade1,0.033435,0.035416,0.032763
wound_main-1340.jpg,2,grade1,0.00124,0.001069,0.000954
wound_main-1348.jpg,1,grade3,0.000342,0.000246,0.000203
wound_main-1349.jpg,1,grade3,0.04153,0.038713,0.03976
wound_main-1354.jpg,1,grade3,0.004892,0.004167,0.003267
wound_main-1368.jpg,2,grade1,0.005122,0.003943,0.003362
wound_main-1384.jpg,2,grade1,0.004259,0.003577,0.002694
wound_main-1391.jpg,2,grade1,0.000487,0.000314,0.000237
wound_main-1404.jpg,2,grade1,0.000914,0.000654,0.000547
wound_main-1412.jpg,1,grade3,0.020822,0.016893,0.017487
wound_main-1424.jpg,1,grade3,0.000171,0.000106,8e-05
wound_main-1431.jpg,1,grade3,0.004431,0.003995,0.00322
wound_main-1439.jpg,2,grade1,1.6e-05,9e-06,6e-06
wound_main-1452.jpg,2,grade1,0.001011,0.000713,0.000679
wound_main-1457.jpg,2,grade1,0.000738,0.000485,0.000459
wound_main-1458.jpg,1,grade3,0.000429,0.00028,0.000198
wound_main-1470.jpg,2,grade1,0.011265,0.010484,0.010102
wound_main-1473.jpg,2,grade1,0.000358,0.000263,0.000171
wound_main-1479.jpg,2,grade1,0.002895,0.002085,0.001969
wound_main-1493.jpg,2,grade1,6.8e-05,4.3e-05,3.2e-05
wound_main-1494.jpg,2,grade1,0.00377,0.002763,0.002382
wound_main-1511.jpg,2,grade1,0.000538,0.000401,0.000321
wound_main-1531.jpg,2,grade1,0.001247,0.000881,0.000693
wound_main-1534.jpg,2,grade1,0.000112,7.5e-05,4.8e-05
wound_main-1545.jpg,1,grade3,0.000649,0.000467,0.000369
wound_main-1553.jpg,2,grade1,0.003799,0.002829,0.002314
wound_main-1557.jpg,1,grade3,0.001698,0.00121,0.000965
wound_main-1558.jpg,2,grade1,0.000674,0.00044,0.000347
wound_main-1560.jpg,2,grade1,0.000897,0.000673,0.00052
wound_main-1562.jpg,2,grade1,0.001708,0.001485,0.001011
wound_main-1565.jpg,2,grade1,0.000207,0.000147,0.000109
wound_main-1567.jpg,1,grade3,0.028449,0.025463,0.029466
wound_main-1582.jpg,2,grade1,0.003564,0.002795,0.002474
wound_main-1585.jpg,2,grade1,0.000302,0.000194,0.000154
wound_main-1589.jpg,2,grade1,0.032838,0.028227,0.033544
wound_main-1591.jpg,2,grade1,3.9e-05,2e-05,1.3e-05
wound_main-1598.jpg,2,grade1,0.000509,0.000333,0.000225
wound_main-1616.jpg,2,grade1,0.001736,0.001354,0.001215
wound_main-1620.jpg,2,grade1,0.001602,0.001377,0.001084
wound_main-1621.jpg,2,grade1,0.000252,0.000152,8.8e-05
wound_main-1625.jpg,1,grade3,0.003063,0.002521,0.002088
wound_main-1628.jpg,2,grade1,0.010961,0.011491,0.012212
wound_main-1632.jpg,2,grade1,0.000104,8e-05,6.1e-05
wound_main-1633.jpg,2,grade1,0.000883,0.000727,0.000593
wound_main-1639.jpg,2,grade1,0.001025,0.000729,0.000582
wound_main-1649.jpg,1,grade3,0.020639,0.020585,0.023226
wound_main-1651.jpg,2,grade1,0.0014,0.001003,0.000788
wound_main-1652.jpg,2,grade1,0.014003,0.012857,0.012556
wound_main-1653.jpg,1,grade3,0.012046,0.011404,0.012432
wound_main-1657.jpg,2,grade1,0.00077,0.000562,0.00041
wound_main-1659.jpg,2,grade1,0.000178,0.000104,6.4e-05
wound_main-1663.jpg,1,grade3,0.008845,0.008362,0.007654
wound_main-1684.jpg,2,grade1,0.030441,0.02419,0.024578
wound_main-1690.jpg,1,grade3,0.307301,0.285986,0.296841
wound_main-1693.jpg,2,grade1,9.6e-05,6.1e-05,4e-05
wound_main-1700.jpg,1,grade3,0.010667,0.011226,0.009733
wound_main-1705.jpg,2,grade1,0.002186,0.001731,0.001492
wound_main-1719.jpg,2,grade1,0.006783,0.005425,0.004679
wound_main-1730.jpg,1,grade3,0.00474,0.003934,0.003447
wound_main-1732.jpg,2,grade1,0.092973,0.074184,0.076423
wound_main-1744.jpg,1,grade3,0.00354,0.002807,0.002322
wound_main-1746.jpg,2,grade1,0.000356,0.000247,0.000183
wound_main-1749.jpg,2,grade1,0.01879,0.014576,0.012855
wound_main-1773.jpg,2,grade1,0.000712,0.000454,0.000333
wound_main-1774.jpg,2,grade1,0.016002,0.016496,0.016542
wound_main-1776.jpg,1,grade3,0.001309,0.000976,0.000813
wound_main-1782.jpg,1,grade3,0.001023,0.000785,0.000576
wound_main-1787.jpg,1,grade3,0.001365,0.001046,0.000693
wound_main-1795.jpg,2,grade1,0.120188,0.105108,0.106567
wound_main-1800.jpg,1,grade3,0.0083,0.007722,0.007264
wound_main-1802.jpg,1,grade3,0.005152,0.004061,0.003415
wound_main-1819.jpg,2,grade1,0.002084,0.001518,0.001241
wound_main-1823.jpg,2,grade1,0.199174,0.182704,0.191865
wound_main-1833.jpg,2,grade1,0.02704,0.0246,0.024382
wound_main-1836.jpg,2,grade1,0.113804,0.104779,0.105331
wound_main-1854.jpg,1,grade3,0.011053,0.00941,0.008502
wound_main-1855.jpg,2,grade1,0.051874,0.048113,0.052738
wound_main-1857.jpg,2,grade1,0.000591,0.000392,0.000296
wound_main-1865.jpg,2,grade1,0.005984,0.004094,0.003921
wound_main-1874.jpg,2,grade1,0.052102,0.051113,0.048881
wound_main-1891.jpg,1,grade3,0.016982,0.016612,0.016175
wound_main-1917.jpg,2,grade1,0.028571,0.02484,0.026108
wound_main-1918.jpg,2,grade1,0.005825,0.004302,0.00394
wound_main-1926.jpg,2,grade1,0.007285,0.006486,0.006123
wound_main-1943.jpg,1,grade3,0.027064,0.024803,0.026058
wound_main-1955.jpg,1,grade3,0.019395,0.017939,0.016578
wound_main-1972.jpg,1,grade3,0.004668,0.00404,0.003674
wound_main-1986.jpg,2,grade1,0.041318,0.03927,0.035821
wound_main-1999.jpg,1,grade3,0.016366,0.014143,0.012916
wound_main-2000.jpg,2,grade1,0.026441,0.026117,0.027526
wound_main-2012.jpg,2,grade1,0.028918,0.027195,0.028003
wound_main-2014.jpg,2,grade1,0.020212,0.016588,0.01385
wound_main-2018.jpg,1,grade3,0.010529,0.010153,0.011474
wound_main-2019.jpg,1,grade3,0.009699,0.009323,0.009815
wound_main-2022.jpg,2,grade1,0.081194,0.084307,0.090983
wound_main-2023.jpg,2,grade1,0.040362,0.03594,0.032615
wound_main-2027.jpg,2,grade1,0.000592,0.000414,0.000345
wound_main-2035.jpg,2,grade1,0.003594,0.003337,0.002954
wound_main-2047.jpg,2,grade1,0.206789,0.227355,0.246992
wound_main-2053.jpg,1,grade3,0.01308,0.011672,0.011414
wound_main-2070.jpg,2,grade1,0.024292,0.019908,0.019419
wound_main-2075.jpg,2,grade1,0.032131,0.030708,0.031268
wound_main-2097.jpg,1,grade3,0.001687,0.001208,0.001071
wound_main-2099.jpg,1,grade3,0.02615,0.024338,0.025563
wound_main-2104.jpg,2,grade1,0.040772,0.034441,0.030691
wound_main-2111.jpg,2,grade1,0.001089,0.000779,0.000621
wound_main-2117.jpg,2,grade1,0.028931,0.029966,0.030098
wound_main-2118.jpg,2,grade1,0.002479,0.001882,0.001468
wound_main-2125.jpg,2,grade1,0.001351,0.000923,0.00072
wound_main-2130.jpg,2,grade1,0.003206,0.002932,0.002461
wound_main-2174.jpg,2,grade1,0.095149,0.077795,0.069647
wound_main-2177.jpg,2,grade1,0.015299,0.012138,0.010696
wound_main-2198.jpg,2,grade1,0.002106,0.001431,0.0014
wound_main-2205.jpg,2,grade1,0.005587,0.004048,0.003336
wound_main-2206.jpg,2,grade1,0.009745,0.007286,0.00604
wound_main-2213.jpg,2,grade1,0.003768,0.002812,0.002708
wound_main-2232.jpg,2,grade1,0.040188,0.033394,0.034714
wound_main-2233.jpg,2,grade1,0.000629,0.000407,0.000307
wound_main-2242.jpg,2,grade1,0.027772,0.026933,0.027016
wound_main-2243.jpg,2,grade1,0.001282,0.00101,0.000713
wound_main-2245.jpg,1,grade3,0.005714,0.005719,0.005446
wound_main-2252.jpg,1,grade3,0.000232,0.000206,0.000149
wound_main-2270.jpg,2,grade1,0.000523,0.000403,0.000318
wound_main-2278.jpg,1,grade3,0.005094,0.004351,0.003647
wound_main-2293.jpg,1,grade3,0.028076,0.025761,0.028038
wound_main-2299.jpg,1,grade3,0.000412,0.000287,0.000217
wound_main-2300.jpg,2,grade1,0.021673,0.022891,0.022598
wound_main-2302.jpg,2,grade1,0.002715,0.002048,0.001722
wound_main-2309.jpg,2,grade1,0.001023,0.000765,0.000604
wound_main-2321.jpg,2,grade1,0.000205,0.000135,0.00011
wound_main-2323.jpg,2,grade1,0.00711,0.00557,0.0053
wound_main-2328.jpg,1,grade3,0.011092,0.010196,0.010298
wound_main-2342.jpg,1,grade3,0.02773,0.028469,0.031058
wound_main-2344.jpg,1,grade3,0.004272,0.003921,0.003448
wound_main-2355.jpg,2,grade1,0.00818,0.00668,0.005855
wound_main-2368.jpg,2,grade1,0.001022,0.000843,0.000701
wound_main-2373.jpg,1,grade3,0.061697,0.065292,0.063115
wound_main-2379.jpg,1,grade3,0.009215,0.008905,0.009273
wound_main-2390.jpg,1,grade3,0.028115,0.029969,0.027096
wound_main-2403.jpg,2,grade1,0.016623,0.013732,0.013473
wound_main-2409.jpg,1,grade3,0.001689,0.001276,0.001151
wound_main-2410.jpg,1,grade3,0.000526,0.000334,0.00025
wound_main-2414.jpg,2,grade1,0.060977,0.058335,0.066588
wound_main-2416.jpg,2,grade1,0.003374,0.002924,0.002614
wound_main-2419.jpg,1,grade3,0.017388,0.015183,0.015718
wound_main-2430.jpg,2,grade1,0.009318,0.007542,0.006822
wound_main-2431.jpg,2,grade1,0.007685,0.005753,0.005581
wound_main-2439.jpg,2,grade1,0.005146,0.004079,0.003693
wound_main-2441.jpg,1,grade3,0.001302,0.001415,0.00125
wound_main-2443.jpg,2,grade1,0.000661,0.000489,0.00041
wound_main-2452.jpg,2,grade1,6.8e-05,4.5e-05,2.9e-05
wound_main-2481.jpg,2,grade1,0.004306,0.003276,0.002605
wound_main-2495.jpg,1,grade3,0.015797,0.014152,0.014275
wound_main-2506.jpg,2,grade1,0.04421,0.048269,0.047727
wound_main-2512.jpg,2,grade1,5.1e-05,3.1e-05,2e-05
wound_main-2514.jpg,2,grade1,0.002158,0.002095,0.001866
wound_main-2525.jpg,2,grade1,0.022303,0.022315,0.020702
wound_main-2527.jpg,2,grade1,0.003424,0.002652,0.002132
wound_main-2528.jpg,2,grade1,0.000467,0.00031,0.00021
wound_main-2536.jpg,1,grade3,0.103305,0.119553,0.121826
wound_main-2573.jpg,1,grade3,0.014842,0.014378,0.017427
wound_main-2577.jpg,1,grade3,0.021954,0.019335,0.017338
wound_main-2579.jpg,1,grade3,0.052301,0.052804,0.057311
wound_main-2584.jpg,2,grade1,0.049292,0.041786,0.037694
wound_main-2585.jpg,2,grade1,0.002999,0.002367,0.001996
wound_main-2587.jpg,1,grade3,0.073077,0.071398,0.077359
wound_main-2590.jpg,2,grade1,0.000418,0.000281,0.000224
wound_main-2591.jpg,2,grade1,0.01518,0.014415,0.014242
wound_main-2608.jpg,2,grade1,0.137249,0.125281,0.13487
wound_main-2615.jpg,2,grade1,0.018751,0.018098,0.018164
wound_main-2616.jpg,2,grade1,0.0028,0.0024,0.001798
wound_main-2624.jpg,1,grade3,0.022618,0.022133,0.021799
wound_main-2637.jpg,1,grade3,0.007593,0.006854,0.006337
wound_main-2639.jpg,1,grade3,0.009923,0.009001,0.007901
wound_main-2644.jpg,2,grade1,0.000689,0.000491,0.00035
wound_main-2659.jpg,2,grade1,0.009966,0.008513,0.007892
wound_main-2676.jpg,2,grade1,0.011074,0.008831,0.00958
wound_main-2679.jpg,2,grade1,0.003912,0.002654,0.002127
wsnet_0008.png,1,grade3,0.002434,0.00211,0.002184
wsnet_0009.png,2,grade1,0.015432,0.014678,0.015616
wsnet_0011.png,1,grade3,0.001757,0.001198,0.00106
wsnet_0028.png,1,grade3,0.06007,0.047934,0.057153
wsnet_0039.png,2,grade1,0.004283,0.003572,0.003022
wsnet_0041.png,1,grade3,0.003068,0.002822,0.002622
wsnet_0046.png,2,grade1,0.006229,0.004354,0.00388
wsnet_0071.png,2,grade1,6.8e-05,3.7e-05,2.5e-05
wsnet_0075.png,1,grade3,0.004908,0.004404,0.004004
wsnet_0082.png,2,grade1,0.048637,0.050561,0.056972
wsnet_0090.png,2,grade1,0.001324,0.00087,0.000847
wsnet_0091.png,2,grade1,0.032564,0.029963,0.031755
wsnet_0115.png,2,grade1,0.030112,0.02734,0.030061
wsnet_0129.png,1,grade3,0.001603,0.0011,0.001111
wsnet_0146.png,2,grade1,0.006821,0.005676,0.005833
wsnet_0147.png,1,grade3,0.001374,0.001004,0.000945
wsnet_0148.png,2,grade1,0.001832,0.001298,0.001176
wsnet_0167.png,2,grade1,0.015628,0.012849,0.012287
wsnet_0169.png,1,grade3,0.012439,0.012343,0.01076
wsnet_0170.png,1,grade3,0.057292,0.058805,0.058626
wsnet_0171.png,1,grade3,0.012175,0.009385,0.008871
wsnet_0179.png,1,grade3,0.050499,0.04257,0.040123
wsnet_0181.png,2,grade1,0.110138,0.111539,0.120494
wsnet_0196.png,2,grade1,0.013089,0.010098,0.0087
wsnet_0201.png,1,grade3,0.024971,0.022086,0.021259
wsnet_0208.png,1,grade3,0.00126,0.000917,0.000762
wsnet_0214.png,2,grade1,0.00177,0.001303,0.001211
wsnet_0225.png,1,grade3,0.001137,0.000928,0.000724
wsnet_0228.png,2,grade1,0.00055,0.000387,0.00027
wsnet_0229.png,1,grade3,0.234829,0.277808,0.289994
wsnet_0241.png,2,grade1,0.000593,0.00041,0.00031
wsnet_0246.png,2,grade1,0.000796,0.00047,0.000252
wsnet_0258.png,2,grade1,0.084161,0.07715,0.077185
wsnet_0259.png,2,grade1,0.020292,0.017647,0.016522
wsnet_0261.png,2,grade1,0.010799,0.008167,0.007672
wsnet_0265.png,2,grade1,0.000635,0.000429,0.000307
wsnet_0275.png,2,grade1,0.028298,0.027087,0.022333
wsnet_0276.png,2,grade1,0.007162,0.005383,0.004453
wsnet_0283.png,1,grade3,0.000378,0.000254,0.000181
wsnet_0289.png,1,grade3,0.002366,0.002066,0.001652
wsnet_0306.png,2,grade1,0.001384,0.000971,0.000798
wsnet_0344.png,2,grade1,0.02348,0.02237,0.023116
wsnet_0351.png,2,grade1,0.00345,0.002884,0.002239
wsnet_0357.png,2,grade1,0.002443,0.001937,0.001556
wsnet_0381.png,2,grade1,0.004496,0.003972,0.003169
wsnet_0383.png,2,grade1,0.003297,0.002377,0.001778
wsnet_0396.png,2,grade1,0.018637,0.016494,0.015198
wsnet_0399.png,2,grade1,0.011192,0.009993,0.010981
wsnet_0415.png,2,grade1,0.004331,0.0026,0.002161
wsnet_0420.png,1,grade3,0.006199,0.005343,0.005503
wsnet_0426.png,2,grade1,0.002168,0.001493,0.001165
wsnet_0438.png,2,grade1,0.005643,0.00497,0.004129
wsnet_0453.png,2,grade1,0.000315,0.000195,0.000149
wsnet_0462.png,2,grade1,0.010253,0.00767,0.00653
wsnet_0473.png,1,grade3,0.030806,0.026702,0.029978
wsnet_0477.png,2,grade1,0.003688,0.003619,0.002795
wsnet_0482.png,1,grade3,0.004347,0.003632,0.003593
wsnet_0487.png,1,grade3,0.001505,0.001242,0.001092
wsnet_0505.png,1,grade3,0.001932,0.001571,0.00137
wsnet_0508.png,1,grade3,0.000562,0.000401,0.000322
wsnet_0509.png,2,grade1,0.004955,0.003852,0.00392
wsnet_0516.png,2,grade1,0.075239,0.061747,0.055254
wsnet_0527.png,2,grade1,0.000975,0.000769,0.000546
wsnet_0543.png,1,grade3,0.003537,0.002824,0.002227
wsnet_0550.png,2,grade1,0.006189,0.005031,0.004308
wsnet_0552.png,2,grade1,0.015436,0.014436,0.010937
wsnet_0557.png,2,grade1,0.000182,0.000114,8.6e-05
wsnet_0561.png,2,grade1,0.000237,0.000156,0.000128
wsnet_0565.png,1,grade3,0.017809,0.014851,0.013382
wsnet_0568.png,2,grade1,0.017519,0.015361,0.016809
wsnet_0569.png,1,grade3,0.016371,0.015244,0.016722
wsnet_0573.png,2,grade1,0.005233,0.003669,0.003327
wsnet_0575.png,2,grade1,0.000921,0.000723,0.000503
wsnet_0576.png,2,grade1,0.014852,0.010236,0.008659
wsnet_0577.png,2,grade1,0.000103,7.4e-05,5.2e-05
wsnet_0584.png,2,grade1,0.001309,0.000786,0.00054
wsnet_0597.png,2,grade1,0.000674,0.00045,0.000429
wsnet_0600.png,2,grade1,0.024406,0.020796,0.020448
wsnet_0603.png,2,grade1,0.020103,0.016282,0.015219
wsnet_0605.png,2,grade1,0.001328,0.000746,0.000525
wsnet_0606.png,1,grade3,0.006997,0.00515,0.005039
wsnet_0607.png,2,grade1,0.026742,0.025202,0.026506
wsnet_0611.png,1,grade3,0.012017,0.009918,0.010254
wsnet_0615.png,2,grade1,0.001957,0.001679,0.001581
wsnet_0628.png,1,grade3,0.019867,0.019672,0.020266
wsnet_0630.png,1,grade3,0.027372,0.023631,0.019939
wsnet_0637.png,2,grade1,0.030831,0.025295,0.02378
wsnet_0645.png,2,grade1,0.016945,0.015413,0.01452
wsnet_0649.png,2,grade1,0.000205,0.00014,0.00011
wsnet_0652.png,1,grade3,0.074449,0.082609,0.091516
wsnet_0655.png,1,grade3,0.001229,0.000948,0.000827
wsnet_0663.png,2,grade1,0.004901,0.004096,0.00316
wsnet_0664.png,1,grade3,0.010915,0.009692,0.008446
wsnet_0672.png,2,grade1,0.00022,0.000162,0.000114
wsnet_0678.png,2,grade1,0.001199,0.001097,0.000733
wsnet_0688.png,2,grade1,0.00099,0.000847,0.000748
wsnet_0691.png,1,grade3,0.054742,0.053843,0.053546
wsnet_0696.png,2,grade1,0.01951,0.02173,0.02266
wsnet_0717.png,2,grade1,0.000115,7.7e-05,5e-05
wsnet_0722.png,2,grade1,0.005161,0.003965,0.003224
wsnet_0733.png,1,grade3,0.000775,0.000542,0.00045
wsnet_0738.png,1,grade3,0.003032,0.00268,0.002143
wsnet_0743.png,1,grade3,0.076576,0.076117,0.072396
wsnet_0746.png,2,grade1,0.000558,0.000329,0.000227
wsnet_0756.png,1,grade3,0.007988,0.005274,0.004979
wsnet_0769.png,2,grade1,0.032109,0.027969,0.025489
wsnet_0771.png,1,grade3,0.007862,0.007131,0.006119
wsnet_0782.png,2,grade1,0.001071,0.000695,0.000492
wsnet_0789.png,2,grade1,0.002997,0.002419,0.002423
wsnet_0790.png,2,grade1,0.002693,0.002176,0.001618
wsnet_0792.png,1,grade3,0.000128,7.8e-05,5.1e-05
wsnet_0813.png,2,grade1,0.000888,0.000572,0.000423
wsnet_0820.png,0,grade2,0.000301,0.000199,0.000146
wsnet_0831.png,2,grade1,0.003211,0.002429,0.001772
wsnet_0835.png,2,grade1,0.009671,0.010913,0.010429
wsnet_0839.png,2,grade1,0.008506,0.00848,0.008288
wsnet_0840.png,2,grade1,0.028754,0.025495,0.026555
wsnet_0849.png,1,grade3,0.00526,0.00478,0.004255
wsnet_0857.png,2,grade1,0.005832,0.003997,0.003809
wsnet_0860.png,2,grade1,0.013743,0.010378,0.008316
wsnet_0878.png,1,grade3,0.018034,0.014451,0.014865
wsnet_0883.png,2,grade1,0.003199,0.002284,0.00188
wsnet_0885.png,2,grade1,0.019072,0.016235,0.018969
wsnet_0901.png,2,grade1,0.008957,0.007529,0.005592
wsnet_0906.png,1,grade3,0.001293,0.000979,0.000771
wsnet_0911.png,1,grade3,0.055783,0.056868,0.058489
wsnet_0922.png,2,grade1,0.025439,0.026527,0.025523
wsnet_0924.png,1,grade3,0.001858,0.001338,0.001051
wsnet_0930.png,1,grade3,0.003585,0.002811,0.002143
wsnet_0935.png,2,grade1,0.028643,0.026843,0.026944
wsnet_0943.png,1,grade3,0.001731,0.001248,0.001098
wsnet_0952.png,2,grade1,0.054339,0.051193,0.048597
wsnet_0958.png,2,grade1,0.000939,0.000593,0.000427
wsnet_0960.png,2,grade1,0.018918,0.01621,0.013444
wsnet_0962.png,1,grade3,0.00735,0.006213,0.006054
wsnet_0964.png,2,grade1,0.05339,0.053012,0.047105
wsnet_0966.png,2,grade1,0.002724,0.002183,0.001863
wsnet_0968.png,2,grade1,0.033853,0.037041,0.039395
wsnet_0984.png,2,grade1,0.016431,0.013641,0.01136
wsnet_1007.png,2,grade1,0.00159,0.001077,0.000771
wsnet_1014.png,2,grade1,0.025646,0.02413,0.02461
wsnet_1015.png,2,grade1,0.025894,0.025184,0.025097
wsnet_1030.png,1,grade3,0.025778,0.027603,0.031661
wsnet_1035.png,1,grade3,0.005376,0.004544,0.003874
wsnet_1038.png,2,grade1,0.008238,0.00663,0.006376
wsnet_1039.png,1,grade3,0.03197,0.029239,0.03208
wsnet_1042.png,2,grade1,0.00253,0.001883,0.001584
wsnet_1043.png,2,grade1,0.00093,0.000685,0.000536
wsnet_1047.png,2,grade1,0.005947,0.00476,0.003902
wsnet_1049.png,2,grade1,0.038644,0.03782,0.039054
wsnet_1053.png,1,grade3,0.003556,0.002902,0.002484
wsnet_1065.png,1,grade3,0.001499,0.001302,0.001011
wsnet_1082.png,2,grade1,0.008793,0.006545,0.005278
wsnet_1100.png,1,grade3,0.009356,0.008532,0.008321
wsnet_1107.png,2,grade1,0.004219,0.003182,0.002525
wsnet_1119.png,2,grade1,0.032574,0.029794,0.027988
wsnet_1121.png,2,grade1,0.001176,0.000818,0.000698
wsnet_1122.png,1,grade3,0.003018,0.00273,0.002798
wsnet_1124.png,2,grade1,0.022519,0.017903,0.015114
wsnet_1155.png,2,grade1,0.008854,0.00863,0.007852
wsnet_1167.png,2,grade1,0.128029,0.129998,0.118048
wsnet_1170.png,1,grade3,0.019712,0.018479,0.020477
wsnet_1172.png,2,grade1,0.012489,0.010123,0.009278
